id,first_name,last_name,email,gender,ip_address
1,Dionysus,McIlriach,dmcilriach0@apple.com,Male,57.122.172.254
2,Frans,Wrennall,fwrennall1@sun.com,Male,144.35.181.1
3,Bart,Bulle,bbulle2@arstechnica.com,Male,171.174.151.197
4,Lucretia,Curner,lcurner3@stumbleupon.com,Female,78.134.240.196
5,Arie,Potebury,apotebury4@blog.com,Agender,14.252.1.25
6,Derrick,Elcox,delcox5@ft.com,Male,123.115.213.45
7,Harriott,Creasy,hcreasy6@csmonitor.com,Female,116.246.99.19
8,Neel,Facchini,nfacchini7@pagesperso-orange.fr,Male,173.194.4.53
9,Sophey,Beaford,sbeaford8@ow.ly,Female,61.196.148.139
10,Stella,Sollis,ssollis9@senate.gov,Female,28.79.254.252
11,Eran,Haughan,ehaughana@last.fm,Female,91.214.115.130
12,Frasco,Jahnel,fjahnelb@paginegialle.it,Male,103.186.148.142
13,Corena,Barrowcliffe,cbarrowcliffec@soup.io,Female,210.116.106.204
14,Zechariah,Isted,zistedd@elpais.com,Male,29.98.210.98
15,Rikki,O'Kieran,rokierane@amazon.com,Bigender,13.145.58.209
16,Jessi,Blackaller,jblackallerf@weather.com,Female,244.143.191.2
17,Stella,Delooze,sdeloozeg@sakura.ne.jp,Female,161.45.189.12
18,Antonin,Quinet,aquineth@ovh.net,Male,234.125.190.192
19,Biddie,Berston,bberstoni@163.com,Female,26.224.121.7
20,Doralin,Leverette,dleverettej@sciencedirect.com,Female,138.245.8.100
21,Caresse,Mortimer,cmortimerk@ameblo.jp,Female,22.75.25.250
22,Quinlan,O'Hartigan,qohartiganl@prweb.com,Male,176.207.76.182
23,Sydel,Endrici,sendricim@sogou.com,Agender,66.12.223.230
24,Izaak,Goudy,igoudyn@instagram.com,Bigender,183.140.247.242
25,Nonna,Tapp,ntappo@nyu.edu,Female,10.23.157.46
26,Patrizio,Kirtlan,pkirtlanp@hostgator.com,Male,117.130.153.126
27,Catie,Woffenden,cwoffendenq@example.com,Female,10.81.201.111
28,Ivor,Gourlay,igourlayr@oracle.com,Male,128.20.216.217
29,Crysta,Glayzer,cglayzers@imageshack.us,Female,232.131.184.184
30,Didi,Bridgewater,dbridgewatert@acquirethisname.com,Female,44.212.84.129
31,Garnette,Ellard,gellardu@harvard.edu,Female,139.22.242.131
32,Raquela,Shutler,rshutlerv@joomla.org,Female,40.121.196.12
33,Rip,Plom,rplomw@timesonline.co.uk,Male,172.41.34.241
34,Dermot,Benham,dbenhamx@hud.gov,Male,241.37.3.129
35,Ulrick,Verner,uvernery@mapy.cz,Male,88.79.110.151
36,Kara-lynn,Axworthy,kaxworthyz@ezinearticles.com,Female,135.86.126.121
37,Des,Lapre,dlapre10@latimes.com,Male,69.237.145.110
38,Guy,Manz,gmanz11@biglobe.ne.jp,Male,227.229.81.31
39,Susette,Isherwood,sisherwood12@tinyurl.com,Female,39.3.154.70
40,Rosalyn,McCoy,rmccoy13@plala.or.jp,Female,94.148.124.61
41,Leigha,Schurcke,lschurcke14@dmoz.org,Female,177.99.249.103
42,Sybille,Dozdill,sdozdill15@cmu.edu,Female,30.34.194.170
43,Serge,Elster,selster16@indiatimes.com,Polygender,158.236.27.128
44,Ingaborg,Fildery,ifildery17@scientificamerican.com,Female,132.95.239.101
45,Danny,Yukhnini,dyukhnini18@engadget.com,Female,28.22.100.177
46,Obidiah,Duke,oduke19@hugedomains.com,Non-binary,213.57.201.129
47,Morganne,Paulou,mpaulou1a@meetup.com,Female,183.69.53.220
48,Sacha,Leed,sleed1b@exblog.jp,Female,38.186.54.201
49,Angy,Grishakin,agrishakin1c@odnoklassniki.ru,Female,81.119.63.246
50,Lucien,Parrington,lparrington1d@latimes.com,Male,109.110.99.210
51,Chickie,Innman,cinnman1e@1688.com,Male,143.11.132.165
52,Hastie,Kraft,hkraft1f@biblegateway.com,Male,5.218.122.225
53,Moll,Trighton,mtrighton1g@fastcompany.com,Female,152.28.76.165
54,Tomlin,Pakes,tpakes1h@dagondesign.com,Male,9.121.110.208
55,Artur,Collabine,acollabine1i@yahoo.co.jp,Male,114.249.169.247
56,Hayward,Pavlovic,hpavlovic1j@dot.gov,Male,170.177.209.30
57,Tiler,Rillett,trillett1k@acquirethisname.com,Male,108.86.84.204
58,Nick,Chatfield,nchatfield1l@state.gov,Male,150.34.26.250
59,Kaitlin,Heinz,kheinz1m@msu.edu,Female,191.202.171.185
60,Grissel,Fitzsymon,gfitzsymon1n@instagram.com,Female,1.182.60.225
61,Sibeal,Sommerlin,ssommerlin1o@symantec.com,Female,213.193.155.110
62,Bobina,Cawker,bcawker1p@tinyurl.com,Female,54.218.84.4
63,Verina,Kennagh,vkennagh1q@twitpic.com,Female,150.64.226.50
64,Cooper,Elfe,celfe1r@wordpress.com,Male,152.11.243.223
65,Diannne,Jullian,djullian1s@cnn.com,Female,146.77.96.73
66,Florry,Jaynes,fjaynes1t@webeden.co.uk,Female,96.117.205.225
67,Lelah,Samsworth,lsamsworth1u@nsw.gov.au,Female,156.202.101.59
68,Alexei,McIlheran,amcilheran1v@prlog.org,Male,107.124.107.57
69,Heath,Cicchelli,hcicchelli1w@liveinternet.ru,Female,8.224.170.189
70,Lulita,Jost,ljost1x@nhs.uk,Female,197.89.47.49
71,Aila,Lascell,alascell1y@tuttocitta.it,Female,71.244.205.151
72,Augusta,Nazareth,anazareth1z@wikimedia.org,Female,222.17.19.53
73,Parry,MacTerlagh,pmacterlagh20@infoseek.co.jp,Male,252.216.95.183
74,Delcina,Leveritt,dleveritt21@canalblog.com,Female,112.72.206.30
75,Meyer,Despenser,mdespenser22@macromedia.com,Male,245.97.194.40
76,Gwynne,Pietasch,gpietasch23@ftc.gov,Female,240.226.137.50
77,Ivy,Jeays,ijeays24@toplist.cz,Female,218.54.233.190
78,Eve,McKeller,emckeller25@wired.com,Female,66.219.146.88
79,Adelle,Fouracres,afouracres26@google.ru,Female,230.223.104.102
80,Gloriana,De Fraine,gdefraine27@engadget.com,Female,210.206.75.117
81,Skell,Trounce,strounce28@skype.com,Male,75.82.139.203
82,Ferdinand,Kenewell,fkenewell29@wix.com,Male,148.45.18.65
83,Modesty,Kestian,mkestian2a@illinois.edu,Female,152.37.25.78
84,Cary,Gravenall,cgravenall2b@gmpg.org,Female,18.216.34.78
85,Debor,La Torre,dlatorre2c@bandcamp.com,Female,77.200.170.87
86,Lezley,Bellany,lbellany2d@independent.co.uk,Male,198.72.47.83
87,Andreas,Schumacher,aschumacher2e@princeton.edu,Male,153.182.135.30
88,Vin,Drover,vdrover2f@ycombinator.com,Male,61.239.171.2
89,Michal,Maior,mmaior2g@google.ru,Male,47.138.42.249
90,Shannah,Tolussi,stolussi2h@unicef.org,Female,113.109.68.148
91,Golda,Schimonek,gschimonek2i@usa.gov,Female,6.191.30.55
92,Tammie,Ham,tham2j@instagram.com,Male,155.84.251.251
93,Florella,Trahair,ftrahair2k@goodreads.com,Female,107.224.218.171
94,Jaymie,Lethem,jlethem2l@privacy.gov.au,Male,55.120.161.10
95,Caddric,Sigmund,csigmund2m@webmd.com,Male,69.45.181.43
96,Mabelle,Dumbrill,mdumbrill2n@com.com,Female,154.54.19.83
97,Chickie,Paolinelli,cpaolinelli2o@gravatar.com,Female,175.17.146.73
98,Monika,Hallbord,mhallbord2p@oakley.com,Female,191.40.83.79
99,Allison,Overil,aoveril2q@123-reg.co.uk,Female,107.251.109.25
100,Claudetta,Bertram,cbertram2r@businessweek.com,Female,119.46.93.177
101,Ilise,Broomhall,ibroomhall2s@marketwatch.com,Female,232.145.183.70
102,Arvie,Schultes,aschultes2t@twitter.com,Male,16.243.86.169
103,Katinka,Varian,kvarian2u@sohu.com,Female,207.42.134.192
104,Katrinka,Mowett,kmowett2v@com.com,Bigender,147.10.127.171
105,Bella,Ivons,bivons2w@nyu.edu,Female,122.42.83.209
106,Dante,Burmingham,dburmingham2x@simplemachines.org,Male,249.222.214.162
107,Jacquette,De Meis,jdemeis2y@weebly.com,Female,166.84.184.165
108,Grazia,Petrelli,gpetrelli2z@yelp.com,Female,236.71.39.161
109,Carleen,Rampton,crampton30@yelp.com,Female,2.210.64.56
110,Lannie,Feare,lfeare31@nyu.edu,Male,227.117.192.162
111,Simonette,Brisse,sbrisse32@shop-pro.jp,Female,223.241.182.19
112,Ranee,Hachard,rhachard33@mail.ru,Female,173.6.137.25
113,Alissa,Domek,adomek34@state.gov,Female,219.254.231.137
114,Rochette,Burles,rburles35@diigo.com,Female,255.21.63.251
115,Barrett,Holborn,bholborn36@time.com,Male,248.146.92.125
116,Yard,Fayer,yfayer37@google.com.au,Male,90.123.172.31
117,Bartolemo,Unstead,bunstead38@yellowpages.com,Male,189.59.214.147
118,Parsifal,Gehringer,pgehringer39@boston.com,Male,176.77.82.57
119,Garv,Taill,gtaill3a@angelfire.com,Male,197.185.18.56
120,Cindy,Shacklady,cshacklady3b@facebook.com,Female,236.16.191.93
121,Brendis,Albany,balbany3c@acquirethisname.com,Male,135.15.68.251
122,Anya,Clew,aclew3d@webs.com,Female,106.169.165.14
123,Vita,Seabon,vseabon3e@homestead.com,Female,155.78.172.51
124,Isidro,Tynewell,itynewell3f@paypal.com,Agender,175.148.225.10
125,Louella,Tonn,ltonn3g@home.pl,Female,74.29.97.152
126,Fancie,Deny,fdeny3h@wufoo.com,Female,31.76.75.186
127,Regen,Harnott,rharnott3i@homestead.com,Male,251.37.9.138
128,Libbie,Hayden,lhayden3j@deliciousdays.com,Female,85.186.248.78
129,Charlotta,Titmuss,ctitmuss3k@sitemeter.com,Female,61.202.119.106
130,Warde,Bockmann,wbockmann3l@vinaora.com,Male,200.7.58.113
131,Gertrudis,Kondratenya,gkondratenya3m@quantcast.com,Genderfluid,79.90.219.80
132,Chilton,O'Cullen,cocullen3n@wikipedia.org,Male,27.69.234.204
133,Moses,Soper,msoper3o@twitter.com,Male,40.136.105.94
134,Lanie,Jelphs,ljelphs3p@networkadvertising.org,Male,52.54.40.146
135,Odie,Fleischer,ofleischer3q@xing.com,Male,124.134.30.38
136,Leeann,Mebius,lmebius3r@vistaprint.com,Female,105.25.111.85
137,Bren,Garrold,bgarrold3s@huffingtonpost.com,Female,168.65.27.92
138,Jeremias,Drover,jdrover3t@seesaa.net,Male,250.118.117.183
139,Micaela,Lile,mlile3u@chron.com,Female,240.62.158.252
140,Leonid,Basezzi,lbasezzi3v@slate.com,Male,180.215.205.181
141,April,Perritt,aperritt3w@imgur.com,Female,212.38.133.124
142,Jamal,McArtan,jmcartan3x@feedburner.com,Male,199.218.250.126
143,Loleta,Danby,ldanby3y@prnewswire.com,Female,235.153.254.37
144,Kasey,Loins,kloins3z@cnbc.com,Female,128.108.25.112
145,Patric,Tutin,ptutin40@devhub.com,Non-binary,237.52.119.195
146,Rori,Rizzolo,rrizzolo41@jalbum.net,Female,202.162.41.83
147,Ulrich,Gilchrest,ugilchrest42@mashable.com,Agender,44.143.201.4
148,Berky,Holywell,bholywell43@omniture.com,Male,100.8.245.96
149,Chuck,Persich,cpersich44@friendfeed.com,Genderqueer,105.99.19.95
150,Sal,Di Francecshi,sdifrancecshi45@skyrock.com,Female,235.239.106.137
151,Giustino,Gladbeck,ggladbeck46@pagesperso-orange.fr,Male,5.247.224.11
152,Joey,O'Loughnan,joloughnan47@house.gov,Female,115.193.82.252
153,Genevra,Ellsbury,gellsbury48@alibaba.com,Female,230.114.188.202
154,Far,Devall,fdevall49@virginia.edu,Male,180.162.184.228
155,Romain,Mawson,rmawson4a@abc.net.au,Male,14.18.189.202
156,Lelah,Dunsmuir,ldunsmuir4b@stumbleupon.com,Female,210.132.141.43
157,Des,Jee,djee4c@alexa.com,Male,212.26.135.66
158,Carroll,Belford,cbelford4d@businessweek.com,Male,105.30.74.97
159,Ladonna,Sexstone,lsexstone4e@ifeng.com,Female,99.80.153.41
160,Munroe,Kynan,mkynan4f@yahoo.co.jp,Male,73.68.24.62
161,Oran,Alenov,oalenov4g@state.gov,Male,40.68.254.159
162,Hernando,Largan,hlargan4h@wordpress.org,Male,217.44.127.30
163,Dieter,Allred,dallred4i@yellowbook.com,Male,9.238.182.139
164,Jarrid,Paquet,jpaquet4j@ask.com,Male,193.72.132.117
165,Demetris,Lebang,dlebang4k@storify.com,Bigender,36.45.94.190
166,Wyatan,Theodore,wtheodore4l@noaa.gov,Male,74.144.214.71
167,Ermin,Colvine,ecolvine4m@symantec.com,Male,134.226.9.56
168,Emmaline,Colleford,ecolleford4n@cloudflare.com,Female,184.107.122.118
169,Bram,Leither,bleither4o@jalbum.net,Male,237.198.137.107
170,Hilliard,Cockland,hcockland4p@multiply.com,Male,149.184.17.103
171,Jerrilyn,Colrein,jcolrein4q@wordpress.com,Female,120.60.209.46
172,Cornie,Brooksbank,cbrooksbank4r@marriott.com,Female,144.121.155.102
173,Vivianna,Piatkow,vpiatkow4s@bbb.org,Female,177.121.142.236
174,Kay,Sterricks,ksterricks4t@rediff.com,Female,253.110.228.78
175,Ellyn,Maas,emaas4u@github.com,Female,78.29.107.250
176,Alysia,Triebner,atriebner4v@wordpress.com,Female,251.155.132.90
177,Chaim,Darridon,cdarridon4w@patch.com,Male,249.149.140.68
178,Elke,Costy,ecosty4x@senate.gov,Female,221.158.193.213
179,Katlin,Zettler,kzettler4y@ask.com,Female,225.60.235.196
180,Margaretha,Maffetti,mmaffetti4z@bbc.co.uk,Female,249.143.99.25
181,Nollie,Adenot,nadenot50@weibo.com,Female,182.60.251.99
182,Merl,Carloni,mcarloni51@feedburner.com,Female,206.237.78.119
183,Fan,Cartmael,fcartmael52@youtu.be,Female,25.221.220.183
184,Carly,Onyon,conyon53@4shared.com,Male,92.27.30.208
185,Davy,Hubbert,dhubbert54@mtv.com,Male,56.35.0.30
186,Mike,Penritt,mpenritt55@mashable.com,Male,43.18.212.167
187,Archibold,Asch,aasch56@google.pl,Male,63.210.61.176
188,Elonore,Lune,elune57@so-net.ne.jp,Female,109.207.84.183
189,Wheeler,Grunbaum,wgrunbaum58@newsvine.com,Male,103.98.180.234
190,Cyndi,Tranfield,ctranfield59@mtv.com,Female,180.75.136.8
191,Camey,McGrorty,cmcgrorty5a@etsy.com,Male,117.115.251.75
192,Garrek,Fardon,gfardon5b@163.com,Male,142.208.86.84
193,Gerianna,Edmunds,gedmunds5c@wordpress.com,Female,40.90.45.191
194,Regen,Simic,rsimic5d@google.fr,Male,1.26.71.104
195,Jarrid,Hellin,jhellin5e@thetimes.co.uk,Male,191.46.233.92
196,Quintana,Franciottoi,qfranciottoi5f@wisc.edu,Female,205.5.189.225
197,Moshe,Poplee,mpoplee5g@economist.com,Male,175.244.132.190
198,Zarah,Crowley,zcrowley5h@chronoengine.com,Female,191.135.196.6
199,Erina,Ingliby,eingliby5i@gnu.org,Female,238.97.183.48
200,Harri,Avramovitz,havramovitz5j@cdbaby.com,Female,192.226.212.20
201,Antons,Morris,amorris5k@google.nl,Male,179.68.7.254
202,Franchot,Vreede,fvreede5l@howstuffworks.com,Male,85.69.94.114
203,Hyman,Grosvenor,hgrosvenor5m@marriott.com,Male,195.89.127.207
204,Danice,Dobrovsky,ddobrovsky5n@timesonline.co.uk,Female,220.93.23.7
205,Robinetta,Wooland,rwooland5o@theatlantic.com,Female,228.58.41.94
206,Dulcine,Killford,dkillford5p@earthlink.net,Female,166.216.103.33
207,Jackelyn,Villaret,jvillaret5q@ameblo.jp,Female,179.113.246.254
208,Konstantin,Iacopini,kiacopini5r@ibm.com,Male,182.94.121.141
209,Barron,Kunisch,bkunisch5s@de.vu,Male,141.102.52.151
210,Kienan,Bannell,kbannell5t@angelfire.com,Male,83.225.26.91
211,Lindi,Cullingford,lcullingford5u@miitbeian.gov.cn,Female,137.187.111.156
212,Xerxes,Greenfield,xgreenfield5v@accuweather.com,Male,108.125.207.134
213,Sydney,Aylen,saylen5w@microsoft.com,Female,12.127.56.225
214,Joceline,Gentsch,jgentsch5x@yolasite.com,Female,77.255.202.14
215,Fleurette,Cancellieri,fcancellieri5y@msn.com,Female,57.208.27.187
216,Dayle,Faucett,dfaucett5z@buzzfeed.com,Female,25.230.77.97
217,Bern,Brandrick,bbrandrick60@sohu.com,Male,60.137.157.251
218,Marmaduke,Childes,mchildes61@illinois.edu,Male,147.251.32.4
219,Thorndike,Brugden,tbrugden62@nytimes.com,Male,75.104.132.147
220,Orbadiah,Loude,oloude63@ycombinator.com,Male,136.1.40.168
221,Mathian,Matousek,mmatousek64@webmd.com,Polygender,85.84.253.167
222,Sheffie,Cammack,scammack65@behance.net,Polygender,2.222.170.104
223,Leelah,Cail,lcail66@harvard.edu,Female,251.120.84.228
224,Maurice,Flement,mflement67@facebook.com,Non-binary,83.30.88.121
225,Mallory,Aleksandrev,maleksandrev68@mlb.com,Female,214.51.90.70
226,Emily,Cruwys,ecruwys69@topsy.com,Female,35.49.192.73
227,Gregoire,Beckerleg,gbeckerleg6a@ezinearticles.com,Male,203.193.88.177
228,Haskel,de Werk,hdewerk6b@ycombinator.com,Polygender,93.82.245.144
229,Rayshell,Huskisson,rhuskisson6c@yellowbook.com,Female,46.199.59.67
230,Sherye,Buntine,sbuntine6d@miitbeian.gov.cn,Female,148.73.137.120
231,Ellynn,Boyer,eboyer6e@51.la,Female,2.107.154.41
232,Odilia,Wabe,owabe6f@slate.com,Female,165.219.113.98
233,Lauritz,Kinzel,lkinzel6g@slideshare.net,Bigender,144.4.218.164
234,Adella,Peerman,apeerman6h@list-manage.com,Female,110.71.161.24
235,Renaldo,Drysdall,rdrysdall6i@skype.com,Genderfluid,102.210.42.11
236,Helaine,Langforth,hlangforth6j@cbslocal.com,Female,23.121.215.236
237,Ruby,Cathcart,rcathcart6k@sourceforge.net,Female,95.164.157.40
238,Ilysa,Keppel,ikeppel6l@flickr.com,Female,49.38.68.25
239,Susi,Gyrgorwicx,sgyrgorwicx6m@deliciousdays.com,Female,106.182.126.195
240,Tatum,Eckery,teckery6n@weebly.com,Female,118.173.2.5
241,Cecilius,Hartley,chartley6o@mozilla.org,Male,144.80.116.218
242,Alain,Wheowall,awheowall6p@theguardian.com,Male,248.254.96.57
243,Therine,Ley,tley6q@buzzfeed.com,Female,130.253.81.88
244,Burg,Halfacree,bhalfacree6r@earthlink.net,Male,188.113.131.194
245,Ashbey,Fripps,afripps6s@wunderground.com,Male,44.17.125.34
246,Holli,Yellowlees,hyellowlees6t@hibu.com,Female,148.79.29.215
247,Feodor,Tapsell,ftapsell6u@mysql.com,Male,3.46.46.128
248,Carlyle,Craister,ccraister6v@merriam-webster.com,Male,195.194.105.153
249,Jennine,Vigrass,jvigrass6w@businesswire.com,Non-binary,194.239.101.123
250,Calli,Akerman,cakerman6x@aol.com,Genderqueer,149.140.230.170
251,Emmalyn,Fairley,efairley6y@yolasite.com,Female,182.94.121.108
252,Jameson,MacLoughlin,jmacloughlin6z@reddit.com,Male,170.208.75.16
253,Twyla,Trenoweth,ttrenoweth70@miitbeian.gov.cn,Female,212.176.22.183
254,Jorgan,Priscott,jpriscott71@netscape.com,Male,67.135.81.31
255,Val,Maggill'Andreis,vmaggillandreis72@telegraph.co.uk,Male,19.204.119.222
256,Virgie,Thundercliffe,vthundercliffe73@answers.com,Male,114.236.141.173
257,Corella,Cleall,ccleall74@bbc.co.uk,Female,207.129.54.38
258,Anne-marie,Daintry,adaintry75@theguardian.com,Female,151.136.135.63
259,Dion,Cradoc,dcradoc76@smh.com.au,Male,91.201.48.118
260,Amory,Piscopello,apiscopello77@about.com,Male,165.162.165.27
261,Cristabel,Suggate,csuggate78@freewebs.com,Female,91.98.175.206
262,Turner,Philipeaux,tphilipeaux79@wikimedia.org,Genderfluid,89.190.208.168
263,Adelice,Jerrolt,ajerrolt7a@merriam-webster.com,Female,157.65.1.240
264,Luz,Kettell,lkettell7b@taobao.com,Female,209.189.88.2
265,Shadow,Romagnosi,sromagnosi7c@answers.com,Male,42.209.159.72
266,Kellen,Raden,kraden7d@businessinsider.com,Female,233.249.61.56
267,Crystie,Danilovic,cdanilovic7e@hao123.com,Female,29.134.156.140
268,Franny,Ricker,fricker7f@slideshare.net,Female,51.235.180.118
269,Brander,Busst,bbusst7g@cbslocal.com,Male,105.200.131.177
270,Viola,Rackstraw,vrackstraw7h@friendfeed.com,Female,67.223.5.138
271,Renaldo,Kittles,rkittles7i@vistaprint.com,Male,129.120.71.149
272,Wendy,Coultas,wcoultas7j@opensource.org,Female,26.102.123.131
273,Welsh,Lauder,wlauder7k@wufoo.com,Male,180.69.83.114
274,Shaughn,McCathy,smccathy7l@economist.com,Male,187.234.232.100
275,Brig,Swinden,bswinden7m@boston.com,Male,27.194.238.13
276,Kizzie,Sellen,ksellen7n@sogou.com,Female,82.205.41.100
277,Roland,Lafay,rlafay7o@altervista.org,Male,226.214.116.26
278,Erica,Castellone,ecastellone7p@a8.net,Female,192.81.108.73
279,Morie,Bisterfeld,mbisterfeld7q@myspace.com,Male,163.81.218.208
280,Davita,Amthor,damthor7r@t-online.de,Female,58.207.162.251
281,Kameko,Murricanes,kmurricanes7s@g.co,Female,204.157.218.93
282,Ody,Krysztowczyk,okrysztowczyk7t@sogou.com,Male,78.189.241.25
283,Peri,Quinlan,pquinlan7u@google.nl,Female,0.240.142.92
284,Fredrick,Falkous,ffalkous7v@addthis.com,Male,5.185.179.70
285,Sophey,Kitchen,skitchen7w@tiny.cc,Female,197.69.85.157
286,Carlee,Olyff,colyff7x@oaic.gov.au,Female,93.146.114.176
287,Roarke,Erie,rerie7y@pinterest.com,Male,31.133.192.94
288,Claudianus,Bilson,cbilson7z@examiner.com,Male,156.220.54.7
289,Shanon,Chalke,schalke80@meetup.com,Female,150.44.166.113
290,Herby,Worviell,hworviell81@theguardian.com,Male,194.208.24.195
291,Dominic,Eldon,deldon82@reverbnation.com,Male,178.101.158.220
292,Karla,McRonald,kmcronald83@unblog.fr,Female,76.58.86.126
293,Crysta,Andreutti,candreutti84@technorati.com,Female,136.197.1.100
294,Chuck,Wanderschek,cwanderschek85@wired.com,Male,68.74.49.11
295,Magdaia,Yanez,myanez86@webmd.com,Female,125.232.166.234
296,Pollyanna,Huggett,phuggett87@bandcamp.com,Female,52.100.163.160
297,Lora,Hilling,lhilling88@tamu.edu,Female,245.203.240.177
298,Rayshell,Dionsetti,rdionsetti89@techcrunch.com,Female,95.33.129.245
299,Retha,Tampling,rtampling8a@stumbleupon.com,Female,174.81.110.138
300,Lilllie,Jenney,ljenney8b@redcross.org,Female,57.215.182.131
301,Lesley,Wapples,lwapples8c@twitpic.com,Male,154.198.179.160
302,Patricia,Rulton,prulton8d@examiner.com,Female,1.119.172.7
303,Doralynne,Brummell,dbrummell8e@g.co,Female,173.9.179.183
304,Arie,Dilnot,adilnot8f@thetimes.co.uk,Male,194.116.142.143
305,Casey,Jikylls,cjikylls8g@nymag.com,Male,177.227.61.247
306,Kele,Pumfrett,kpumfrett8h@stanford.edu,Male,234.208.169.37
307,Alley,Clench,aclench8i@is.gd,Male,231.192.38.245
308,Geordie,Cullnean,gcullnean8j@columbia.edu,Male,126.207.95.197
309,Genni,Waker,gwaker8k@ycombinator.com,Female,236.178.200.56
310,Mort,Wainscot,mwainscot8l@arstechnica.com,Male,204.212.205.221
311,Boy,Lidgey,blidgey8m@bluehost.com,Male,224.41.119.59
312,Rollo,Badland,rbadland8n@washingtonpost.com,Male,187.36.73.16
313,Aarika,Mompesson,amompesson8o@ucsd.edu,Female,202.148.215.118
314,Algernon,MacMoyer,amacmoyer8p@chicagotribune.com,Male,126.234.220.31
315,Sigvard,Gromley,sgromley8q@a8.net,Male,103.137.59.125
316,Vikki,Vescovo,vvescovo8r@arizona.edu,Female,90.115.111.163
317,Loria,Hatterslay,lhatterslay8s@ustream.tv,Female,207.117.100.222
318,Georgena,Yarnley,gyarnley8t@hugedomains.com,Female,136.252.160.0
319,Stanford,Howler,showler8u@prlog.org,Male,11.251.123.240
320,Tab,Dallinder,tdallinder8v@furl.net,Male,90.70.113.145
321,Madelene,Roelvink,mroelvink8w@cloudflare.com,Female,112.62.18.27
322,Riki,Doll,rdoll8x@altervista.org,Female,224.192.210.124
323,Base,Eddy,beddy8y@cocolog-nifty.com,Male,233.120.185.148
324,Esmeralda,Duly,eduly8z@loc.gov,Female,171.218.252.240
325,Ethel,Ugoletti,eugoletti90@canalblog.com,Female,89.12.4.116
326,Marjy,Yelden,myelden91@rambler.ru,Female,174.133.174.25
327,Lucas,Daunter,ldaunter92@cornell.edu,Male,68.200.15.124
328,Borden,Reford,breford93@studiopress.com,Male,68.200.29.181
329,Gerald,Churly,gchurly94@google.com.br,Male,46.227.118.240
330,Robin,Maddern,rmaddern95@bandcamp.com,Female,182.19.244.64
331,Val,Kopec,vkopec96@dagondesign.com,Male,238.206.127.156
332,Alika,Derill,aderill97@indiatimes.com,Agender,47.151.254.14
333,Ingeberg,Alsopp,ialsopp98@51.la,Female,156.13.62.95
334,Antonin,Knowling,aknowling99@php.net,Male,5.213.165.119
335,Dannie,Bottinelli,dbottinelli9a@who.int,Male,125.119.78.214
336,Cristal,Broscombe,cbroscombe9b@hp.com,Female,55.147.43.227
337,Dulcie,Vaz,dvaz9c@cyberchimps.com,Female,25.100.62.155
338,Johnathon,Osgardby,josgardby9d@printfriendly.com,Male,251.133.216.170
339,Henrik,Priestley,hpriestley9e@bloglines.com,Male,80.3.157.219
340,Isidora,Millis,imillis9f@tripadvisor.com,Female,31.144.57.253
341,Nathanial,Naylor,nnaylor9g@istockphoto.com,Male,242.134.180.182
342,Boy,Chastand,bchastand9h@photobucket.com,Male,132.87.131.153
343,Lamond,Littlechild,llittlechild9i@google.fr,Male,208.100.80.245
344,Lane,Pontin,lpontin9j@yelp.com,Male,140.252.149.233
345,Chastity,Meehan,cmeehan9k@purevolume.com,Female,0.255.136.123
346,Tobit,Taffee,ttaffee9l@jigsy.com,Male,148.22.110.203
347,Dede,Dainton,ddainton9m@ovh.net,Female,229.230.92.118
348,Abbe,Zamora,azamora9n@reddit.com,Male,169.135.178.148
349,Floyd,Zoephel,fzoephel9o@ihg.com,Male,236.35.37.101
350,Ermina,Sockell,esockell9p@economist.com,Female,72.12.79.227
351,Evelyn,Jordine,ejordine9q@deliciousdays.com,Genderqueer,105.205.164.248
352,Gibby,Rubinchik,grubinchik9r@technorati.com,Male,40.116.193.61
353,Angeli,Winram,awinram9s@seesaa.net,Male,245.150.49.163
354,Vi,Broxup,vbroxup9t@delicious.com,Female,18.242.38.57
355,Diane-marie,Risborough,drisborough9u@arstechnica.com,Female,132.131.19.252
356,Amber,Langtree,alangtree9v@cdc.gov,Female,26.184.125.156
357,Lina,McCraw,lmccraw9w@java.com,Female,196.20.63.115
358,Thaddeus,Harcus,tharcus9x@scribd.com,Genderqueer,129.4.164.238
359,Brennen,Nias,bnias9y@seattletimes.com,Male,179.149.56.147
360,Garrot,Klaaasen,gklaaasen9z@statcounter.com,Male,153.240.144.245
361,Guinna,Tooze,gtoozea0@tripadvisor.com,Female,64.20.216.77
362,Felicio,Bullerwell,fbullerwella1@prweb.com,Male,99.162.62.6
363,Godiva,Randall,grandalla2@java.com,Female,190.155.37.166
364,Haze,Oliver-Paull,holiverpaulla3@sciencedaily.com,Male,224.57.20.45
365,Amandy,Bakster,abakstera4@delicious.com,Female,129.159.14.197
366,Reinwald,Basillon,rbasillona5@meetup.com,Male,128.69.95.206
367,Vonni,McCauley,vmccauleya6@github.com,Female,42.238.13.174
368,Gran,Jedras,gjedrasa7@newyorker.com,Male,29.4.237.14
369,Lindon,Slaney,lslaneya8@shareasale.com,Male,95.242.132.176
370,Minny,Kingsnoad,mkingsnoada9@squidoo.com,Female,240.138.121.184
371,Noe,O'Docherty,nodochertyaa@e-recht24.de,Polygender,210.138.244.141
372,Boote,Pennazzi,bpennazziab@admin.ch,Male,42.188.61.190
373,Stirling,Addenbrooke,saddenbrookeac@fc2.com,Male,42.76.112.139
374,Becca,Genese,bgenesead@4shared.com,Female,90.30.11.25
375,Ebony,Cornillot,ecornillotae@privacy.gov.au,Female,64.252.232.14
376,Birk,Pepineaux,bpepineauxaf@godaddy.com,Male,243.253.37.216
377,Olimpia,Mc Cahey,omccaheyag@yelp.com,Female,103.175.252.234
378,Kacey,Dingle,kdingleah@51.la,Female,41.10.189.140
379,Chaddie,Bachura,cbachuraai@miibeian.gov.cn,Male,87.184.187.65
380,Carly,Morant,cmorantaj@nih.gov,Male,74.45.74.32
381,Joannes,Muldrew,jmuldrewak@psu.edu,Female,50.192.10.212
382,Katey,Syres,ksyresal@netlog.com,Female,194.75.106.231
383,Emmott,Hargrove,ehargroveam@printfriendly.com,Male,168.218.187.34
384,Killy,Sauvage,ksauvagean@nydailynews.com,Male,27.126.189.134
385,Lowrance,Bonifazio,lbonifazioao@yellowpages.com,Male,200.209.122.19
386,Sheree,Scare,sscareap@bizjournals.com,Female,243.255.48.13
387,Friedrich,Brookfield,fbrookfieldaq@nps.gov,Male,1.164.232.116
388,Orbadiah,Cockshott,ocockshottar@furl.net,Male,76.161.108.73
389,Hannah,Dow,hdowas@ning.com,Female,95.69.222.190
390,Skylar,Bartoloma,sbartolomaat@microsoft.com,Male,122.242.238.163
391,Eleonora,Tippetts,etippettsau@zimbio.com,Female,157.98.37.41
392,Claudelle,Downse,cdownseav@unc.edu,Female,87.190.88.27
393,Rey,Sorbie,rsorbieaw@uol.com.br,Male,220.35.207.6
394,Andy,Bossom,abossomax@bandcamp.com,Female,14.114.128.79
395,Jacklin,Barthelemy,jbarthelemyay@tmall.com,Female,222.109.22.7
396,Thorvald,Richly,trichlyaz@typepad.com,Male,132.222.146.210
397,Harris,Denyer,hdenyerb0@newsvine.com,Male,199.99.93.137
398,Crissie,Calafate,ccalafateb1@paginegialle.it,Female,5.126.235.21
399,Loralyn,Worrill,lworrillb2@infoseek.co.jp,Female,86.49.178.52
400,Frederique,Powrie,fpowrieb3@youtube.com,Female,233.193.120.226
401,Darlleen,Gonnel,dgonnelb4@cargocollective.com,Bigender,25.23.59.202
402,Connor,Bilofsky,cbilofskyb5@list-manage.com,Male,146.23.65.10
403,Barbara-anne,Muscat,bmuscatb6@europa.eu,Female,83.67.43.153
404,Brennan,Spiniello,bspiniellob7@dion.ne.jp,Male,122.72.162.38
405,Isaak,Jephcote,ijephcoteb8@nasa.gov,Male,175.110.108.67
406,Vinny,Don,vdonb9@youtu.be,Female,18.35.124.116
407,Marielle,Esparza,mesparzaba@wordpress.com,Female,115.229.180.246
408,Bobine,Joreau,bjoreaubb@tripadvisor.com,Female,147.166.200.96
409,Christabella,Durbyn,cdurbynbc@google.co.jp,Female,69.44.235.234
410,Cally,Hagergham,chagerghambd@uiuc.edu,Female,83.199.21.22
411,Carolan,Rogeon,crogeonbe@disqus.com,Female,148.13.20.74
412,Johanna,Knowling,jknowlingbf@house.gov,Female,18.21.139.120
413,Itch,Charlon,icharlonbg@spotify.com,Male,231.37.132.153
414,Theodosia,Egerton,tegertonbh@joomla.org,Female,212.62.40.254
415,Anica,Burrell,aburrellbi@marriott.com,Female,115.250.85.100
416,Kandy,Pashbee,kpashbeebj@privacy.gov.au,Polygender,204.249.147.10
417,Archibaldo,Mattiacci,amattiaccibk@booking.com,Male,55.158.110.191
418,Karisa,Manon,kmanonbl@princeton.edu,Polygender,112.165.171.31
419,Pedro,Stave,pstavebm@economist.com,Male,131.77.16.99
420,Rudolph,Polk,rpolkbn@dyndns.org,Male,179.59.157.198
421,Syman,Flippen,sflippenbo@latimes.com,Male,245.144.150.78
422,Rickert,Alberti,ralbertibp@plala.or.jp,Male,204.100.43.223
423,Shari,Eschalotte,seschalottebq@51.la,Female,72.117.193.229
424,Latashia,Rabjohn,lrabjohnbr@tuttocitta.it,Genderqueer,192.182.45.156
425,Cyrill,Augustus,caugustusbs@nasa.gov,Male,144.166.110.106
426,Diarmid,Webber,dwebberbt@vistaprint.com,Male,237.60.42.23
427,Padraig,Carslaw,pcarslawbu@networkadvertising.org,Male,128.111.176.42
428,Ky,Reah,kreahbv@gov.uk,Male,228.6.245.151
429,Frederique,Teck,fteckbw@ebay.co.uk,Agender,22.7.182.8
430,Warde,De Ambrosi,wdeambrosibx@networkadvertising.org,Male,41.213.234.4
431,Marlin,Archbold,marchboldby@businessweek.com,Non-binary,244.222.185.46
432,Dolley,Troillet,dtroilletbz@gravatar.com,Female,182.83.100.225
433,Michail,Fleis,mfleisc0@huffingtonpost.com,Male,55.110.163.154
434,Hazel,McLardie,hmclardiec1@nsw.gov.au,Male,50.112.221.57
435,Reina,Ure,rurec2@spotify.com,Female,168.74.227.28
436,Quinn,Firminger,qfirmingerc3@europa.eu,Female,140.242.11.191
437,Nollie,Satterthwaite,nsatterthwaitec4@illinois.edu,Male,208.154.212.83
438,Keven,Klimov,kklimovc5@over-blog.com,Male,15.13.34.144
439,Freedman,Spieght,fspieghtc6@discovery.com,Genderqueer,199.218.51.201
440,Caressa,Borlease,cborleasec7@prnewswire.com,Female,245.19.53.37
441,Maribel,Willmont,mwillmontc8@trellian.com,Polygender,47.94.38.254
442,Reece,Du Plantier,rduplantierc9@behance.net,Male,159.217.162.75
443,Sheilah,Woolens,swoolensca@ow.ly,Female,12.34.158.180
444,Hale,Goodbarne,hgoodbarnecb@jimdo.com,Male,255.246.123.56
445,Elden,Labet,elabetcc@sfgate.com,Male,196.227.232.72
446,Rozalin,Maunders,rmaunderscd@wikispaces.com,Female,212.210.176.55
447,Alla,Cornils,acornilsce@163.com,Female,222.93.202.158
448,Joycelin,Appleby,japplebycf@pagesperso-orange.fr,Female,67.134.120.245
449,Nadine,Coalbran,ncoalbrancg@scientificamerican.com,Genderfluid,49.201.66.118
450,Gardy,Gaspard,ggaspardch@msn.com,Male,89.91.244.159
451,Westbrooke,O'Currigan,wocurriganci@cbslocal.com,Male,168.239.253.71
452,Mathian,Clemenza,mclemenzacj@msu.edu,Male,134.136.240.18
453,Jeth,Leet,jleetck@princeton.edu,Male,14.164.159.231
454,Natale,Flewett,nflewettcl@indiatimes.com,Male,182.151.31.119
455,Alphonse,Tanner,atannercm@so-net.ne.jp,Male,92.219.244.87
456,Wakefield,Stanion,wstanioncn@ask.com,Male,89.190.111.20
457,Cathrine,Lewry,clewryco@omniture.com,Female,131.71.46.245
458,Alain,Ridler,aridlercp@prlog.org,Male,243.196.70.230
459,Blondelle,Bucknill,bbucknillcq@youtu.be,Genderqueer,212.68.46.229
460,Camala,Ipsley,cipsleycr@wired.com,Female,23.25.174.100
461,Sharl,Ipsley,sipsleycs@live.com,Female,147.120.127.208
462,Minda,McKeller,mmckellerct@umn.edu,Female,23.107.43.30
463,Beatrix,Possell,bpossellcu@google.nl,Female,6.221.65.172
464,Katina,Beatey,kbeateycv@joomla.org,Female,248.18.227.98
465,Becky,Watsham,bwatshamcw@google.es,Female,218.5.169.54
466,Regan,Sevin,rsevincx@php.net,Female,91.208.50.77
467,Claudina,Hirche,chirchecy@scribd.com,Female,99.219.150.48
468,Wilden,Archbald,warchbaldcz@acquirethisname.com,Male,24.251.20.184
469,Tripp,Triebner,ttriebnerd0@loc.gov,Male,89.88.108.159
470,Florina,Devey,fdeveyd1@360.cn,Female,16.164.112.219
471,Fanya,Lotterington,flotteringtond2@shutterfly.com,Female,36.104.203.29
472,Rosmunda,Urridge,rurridged3@squidoo.com,Female,213.103.172.174
473,Brent,Habens,bhabensd4@plala.or.jp,Male,66.64.88.86
474,Kyle,Versey,kverseyd5@theglobeandmail.com,Female,124.93.0.213
475,Franz,Rushbrook,frushbrookd6@github.com,Male,77.47.193.0
476,Feliza,Gallyhaock,fgallyhaockd7@unesco.org,Female,209.219.141.242
477,Ivan,Inchbald,iinchbaldd8@cmu.edu,Male,181.30.46.92
478,Reinwald,Bloodworth,rbloodworthd9@jimdo.com,Male,28.33.170.102
479,Warren,Oty,wotyda@lycos.com,Male,243.161.174.42
480,Tiebold,Parken,tparkendb@xrea.com,Male,160.173.42.205
481,Pate,Blanchet,pblanchetdc@earthlink.net,Male,76.50.215.110
482,Regen,Cockley,rcockleydd@hugedomains.com,Male,175.186.101.33
483,Issiah,Casperri,icasperride@ebay.co.uk,Male,51.15.113.240
484,Perle,Bridell,pbridelldf@youku.com,Female,29.233.164.181
485,Dino,Lodeke,dlodekedg@rediff.com,Male,29.88.193.60
486,Jacky,Normaville,jnormavilledh@zimbio.com,Male,198.170.203.26
487,Trumann,Wollaston,twollastondi@devhub.com,Male,20.253.24.99
488,Raynor,Matevushev,rmatevushevdj@chicagotribune.com,Male,56.209.143.92
489,Melba,Proschek,mproschekdk@blogger.com,Female,80.76.29.238
490,Herbie,Langtry,hlangtrydl@dropbox.com,Male,227.84.164.8
491,Jessie,Linnit,jlinnitdm@bravesites.com,Male,22.1.56.25
492,Patricio,Riden,pridendn@webmd.com,Male,145.164.76.46
493,Gregorio,Sidry,gsidrydo@patch.com,Male,32.230.179.80
494,Donny,Dunlea,ddunleadp@columbia.edu,Female,57.152.125.243
495,Stuart,Huxter,shuxterdq@hugedomains.com,Male,169.164.83.178
496,Odo,Biddles,obiddlesdr@domainmarket.com,Male,250.157.249.84
497,Rafaela,Sharphouse,rsharphouseds@reference.com,Female,45.42.250.103
498,Nancie,Dallender,ndallenderdt@naver.com,Female,245.248.94.222
499,Immanuel,Thoresbie,ithoresbiedu@hostgator.com,Male,232.151.128.211
500,Moises,Sponder,msponderdv@twitpic.com,Male,251.132.83.54
501,Adela,Skace,askacedw@bluehost.com,Female,72.18.88.250
502,Gavrielle,Batch,gbatchdx@webeden.co.uk,Female,141.178.169.183
503,Filberto,Kassel,fkasseldy@va.gov,Male,1.119.187.128
504,Neel,Gyves,ngyvesdz@vistaprint.com,Male,91.81.144.221
505,Becka,Froment,bfromente0@twitter.com,Female,21.175.70.23
506,Esther,Locks,elockse1@scribd.com,Female,16.200.22.251
507,Lombard,Gass,lgasse2@cnn.com,Male,34.133.43.165
508,Cristy,Thorby,cthorbye3@dropbox.com,Female,160.213.183.136
509,Aggi,Morad,amorade4@irs.gov,Female,97.4.182.121
510,Christine,Wimlet,cwimlete5@statcounter.com,Female,81.174.107.188
511,Mac,Kerne,mkernee6@jigsy.com,Bigender,194.209.211.182
512,Barthel,Cockell,bcockelle7@pinterest.com,Male,3.227.148.217
513,Roseann,Beverstock,rbeverstocke8@1688.com,Female,54.13.43.107
514,Floria,Scully,fscullye9@usnews.com,Agender,242.68.170.111
515,Libbey,Coverly,lcoverlyea@wix.com,Genderqueer,89.198.180.32
516,Petronia,Wilks,pwilkseb@loc.gov,Female,108.223.160.208
517,Elysia,Harp,eharpec@blogspot.com,Female,17.133.223.243
518,Shari,Southouse,ssouthouseed@jugem.jp,Female,253.180.240.17
519,Revkah,Jendricke,rjendrickeee@oaic.gov.au,Female,179.231.252.255
520,Stewart,Gatus,sgatusef@nifty.com,Male,223.0.26.219
521,Whittaker,Pybus,wpybuseg@washington.edu,Agender,246.159.150.41
522,Rebekah,O'Carney,rocarneyeh@narod.ru,Female,246.147.78.174
523,Ulrikaumeko,Jeandet,ujeandetei@edublogs.org,Female,248.26.157.108
524,Cicely,Keatch,ckeatchej@cisco.com,Female,100.139.162.172
525,Oliver,Le Merchant,olemerchantek@ucoz.com,Male,183.243.162.72
526,Lanie,Asel,laselel@pbs.org,Male,213.32.195.247
527,Larisa,Larsen,llarsenem@seesaa.net,Female,37.174.189.145
528,Glenine,Parcell,gparcellen@soundcloud.com,Female,123.36.47.252
529,Iorgos,Mateos,imateoseo@fema.gov,Male,13.88.60.43
530,Hale,Vaz,hvazep@vk.com,Male,58.102.97.67
531,Trev,O'Quin,toquineq@hexun.com,Male,245.203.216.231
532,Aubry,Nolot,anoloter@chicagotribune.com,Female,36.242.82.244
533,Sherlocke,Binne,sbinnees@bloomberg.com,Male,249.18.217.212
534,Crin,Lindman,clindmanet@sitemeter.com,Female,32.145.136.47
535,Brendin,Laweles,blaweleseu@earthlink.net,Male,168.172.252.7
536,Korney,Uebel,kuebelev@wp.com,Female,168.47.22.148
537,Paddie,Ervin,pervinew@miibeian.gov.cn,Male,110.43.241.37
538,Sidnee,Kesteven,skestevenex@youtube.com,Male,13.239.69.218
539,Claudine,Krause,ckrauseey@mail.ru,Female,2.42.28.117
540,Aubrie,Leveritt,aleverittez@theglobeandmail.com,Female,31.189.210.153
541,Amelita,Manuelli,amanuellif0@hao123.com,Female,8.126.109.32
542,Bethena,Creagh,bcreaghf1@epa.gov,Female,29.160.36.39
543,Sher,Liffey,sliffeyf2@chicagotribune.com,Female,60.237.195.28
544,Lonna,Swyer-Sexey,lswyersexeyf3@guardian.co.uk,Female,114.94.28.93
545,Karen,Cluer,kcluerf4@usnews.com,Female,152.10.217.129
546,Joceline,Searchwell,jsearchwellf5@moonfruit.com,Female,32.44.91.196
547,Buffy,Greim,bgreimf6@ezinearticles.com,Female,16.183.83.167
548,Rafe,Beat,rbeatf7@huffingtonpost.com,Male,212.36.136.83
549,Claiborn,Lyal,clyalf8@cbsnews.com,Male,75.167.118.216
550,Mose,Astle,mastlef9@economist.com,Male,36.176.190.108
551,Bartlett,Beernt,bbeerntfa@linkedin.com,Male,219.154.68.99
552,Roxie,Yeoland,ryeolandfb@wix.com,Polygender,89.7.187.164
553,Lewie,Frodsham,lfrodshamfc@devhub.com,Male,88.20.120.17
554,Janeva,Deware,jdewarefd@vk.com,Female,221.108.159.28
555,Fiorenze,Nobes,fnobesfe@dell.com,Female,163.241.95.245
556,Crysta,Tellenbach,ctellenbachff@blogtalkradio.com,Female,64.215.14.113
557,Joell,Iacovucci,jiacovuccifg@gov.uk,Female,108.150.140.167
558,Kaspar,Steptowe,ksteptowefh@wp.com,Male,254.48.194.171
559,Hewitt,Pfeuffer,hpfeufferfi@dot.gov,Genderfluid,208.150.243.176
560,Randolf,Rigate,rrigatefj@goo.ne.jp,Male,128.149.37.252
561,Charleen,Cheke,cchekefk@nationalgeographic.com,Female,205.204.50.57
562,Northrup,Veeler,nveelerfl@nationalgeographic.com,Male,91.4.229.56
563,Corina,Govey,cgoveyfm@wordpress.org,Female,42.178.230.252
564,Vere,Challender,vchallenderfn@cyberchimps.com,Female,58.79.93.44
565,Gerhardt,Pettigrew,gpettigrewfo@patch.com,Male,172.135.30.152
566,Decca,McSweeney,dmcsweeneyfp@ed.gov,Male,229.12.249.154
567,Claresta,Jakoviljevic,cjakoviljevicfq@paypal.com,Female,189.202.166.101
568,Ulrick,Taylerson,utaylersonfr@icio.us,Male,184.126.124.159
569,Ebenezer,Kornousek,ekornousekfs@forbes.com,Male,59.92.249.138
570,Rochella,Latek,rlatekft@51.la,Female,201.129.189.197
571,Locke,Lansberry,llansberryfu@ifeng.com,Male,144.120.83.74
572,Claiborn,Loder,cloderfv@virginia.edu,Male,66.0.198.63
573,Lesly,Brittlebank,lbrittlebankfw@craigslist.org,Female,158.255.42.157
574,Mariam,Linney,mlinneyfx@nationalgeographic.com,Female,31.152.253.66
575,Conway,Kildale,ckildalefy@about.com,Male,66.103.203.97
576,Christoffer,Kilpatrick,ckilpatrickfz@photobucket.com,Male,59.112.139.2
577,Dottie,Baudacci,dbaudaccig0@hud.gov,Agender,237.195.127.221
578,Rosette,Succamore,rsuccamoreg1@patch.com,Female,131.171.202.93
579,Kathie,Tomadoni,ktomadonig2@huffingtonpost.com,Female,240.251.240.96
580,Almire,Abrahamowitcz,aabrahamowitczg3@noaa.gov,Female,160.215.28.172
581,Neill,Moffett,nmoffettg4@salon.com,Male,101.171.40.96
582,Judas,Hawney,jhawneyg5@studiopress.com,Male,130.143.24.79
583,Corina,Digle,cdigleg6@histats.com,Female,136.74.255.58
584,Benedicto,Lilie,blilieg7@example.com,Male,13.64.214.196
585,Cindra,Asp,caspg8@ted.com,Female,42.128.132.40
586,Brockie,Sebrook,bsebrookg9@ning.com,Male,53.214.126.191
587,Velma,Deuss,vdeussga@oakley.com,Female,76.191.23.192
588,Ian,Carney,icarneygb@myspace.com,Male,83.255.53.205
589,Augustus,Schwartz,aschwartzgc@loc.gov,Male,192.150.83.51
590,Alysia,Broadis,abroadisgd@indiatimes.com,Agender,71.58.9.249
591,Georgie,McNee,gmcneege@google.es,Agender,167.20.243.140
592,Aida,Hamsson,ahamssongf@lulu.com,Female,250.100.187.99
593,Abigael,Dabrowski,adabrowskigg@joomla.org,Polygender,149.18.214.94
594,Cece,Calcraft,ccalcraftgh@bandcamp.com,Male,98.181.4.170
595,Garvy,Salkild,gsalkildgi@stanford.edu,Male,47.243.71.216
596,Waneta,Bundock,wbundockgj@wp.com,Female,242.250.6.84
597,Dee dee,Vannuccinii,dvannucciniigk@blogger.com,Female,238.136.30.212
598,Wyatan,Bunstone,wbunstonegl@chicagotribune.com,Male,181.64.143.207
599,Lane,Tansill,ltansillgm@indiatimes.com,Male,22.237.60.5
600,Loralee,Merkel,lmerkelgn@xing.com,Female,54.209.194.38
601,Lorant,Hewson,lhewsongo@thetimes.co.uk,Male,202.206.190.129
602,Jethro,Eddisford,jeddisfordgp@china.com.cn,Male,5.131.17.98
603,Irita,Docherty,idochertygq@cdbaby.com,Female,82.244.127.62
604,Daron,Click,dclickgr@ft.com,Male,172.69.196.120
605,Mariette,Dibnah,mdibnahgs@merriam-webster.com,Female,166.182.149.122
606,Laetitia,Dawks,ldawksgt@google.nl,Female,89.206.81.41
607,Elfreda,Kembery,ekemberygu@gizmodo.com,Female,162.27.163.8
608,Cash,Vassano,cvassanogv@pagesperso-orange.fr,Male,98.158.43.144
609,Francisca,Samwaye,fsamwayegw@blogs.com,Genderqueer,38.56.54.113
610,Nickie,Blance,nblancegx@paginegialle.it,Genderfluid,21.89.55.152
611,Banky,Spyvye,bspyvyegy@theguardian.com,Genderqueer,139.251.17.195
612,Che,Durrett,cdurrettgz@gizmodo.com,Polygender,61.104.122.5
613,Dagmar,Ducket,dducketh0@irs.gov,Female,11.84.51.118
614,Daryl,Reedick,dreedickh1@tmall.com,Female,76.250.189.202
615,Teodoro,Snarie,tsnarieh2@miibeian.gov.cn,Male,60.169.147.24
616,Dayle,Worcs,dworcsh3@disqus.com,Female,160.23.123.72
617,Trudie,Woodruffe,twoodruffeh4@cnn.com,Female,116.90.89.165
618,Paige,Ivanov,pivanovh5@admin.ch,Female,112.87.231.228
619,Neely,McReidy,nmcreidyh6@mail.ru,Female,2.252.68.99
620,Pinchas,Slowgrove,pslowgroveh7@hud.gov,Male,215.12.181.152
621,Merrilee,Robus,mrobush8@pen.io,Female,11.45.158.142
622,Oliver,Thornber,othornberh9@people.com.cn,Male,167.119.159.48
623,Tyne,Guy,tguyha@xinhuanet.com,Female,141.72.193.35
624,Bernard,Bereford,bberefordhb@hhs.gov,Male,164.1.124.27
625,Art,Daid,adaidhc@networksolutions.com,Male,124.233.66.143
626,Thorsten,Lean,tleanhd@who.int,Male,208.224.135.13
627,Jerrie,Evangelinos,jevangelinoshe@theglobeandmail.com,Female,100.252.2.11
628,Angelika,Dalinder,adalinderhf@answers.com,Female,240.229.120.131
629,Webster,Pieracci,wpieraccihg@hao123.com,Male,89.0.72.187
630,Perceval,Merit,pmerithh@earthlink.net,Male,90.193.95.172
631,Petronia,Targe,ptargehi@hhs.gov,Genderqueer,154.211.104.197
632,Maurine,Trayford,mtrayfordhj@zdnet.com,Female,196.24.211.186
633,Justinn,Cheal,jchealhk@mit.edu,Female,80.215.77.153
634,Kacy,Dorrance,kdorrancehl@bravesites.com,Female,1.217.216.151
635,Amerigo,Kohnert,akohnerthm@harvard.edu,Male,233.141.36.65
636,Porty,Luberto,plubertohn@last.fm,Male,43.155.129.179
637,Page,Birdseye,pbirdseyeho@4shared.com,Male,54.247.182.210
638,Gail,Thirwell,gthirwellhp@google.es,Female,43.82.8.1
639,Addison,Portwaine,aportwainehq@shutterfly.com,Male,211.181.97.112
640,Leonerd,Howieson,lhowiesonhr@mac.com,Male,210.233.93.206
641,Margy,Oxnam,moxnamhs@etsy.com,Polygender,189.68.105.9
642,Shay,Slyne,sslyneht@desdev.cn,Female,198.98.125.204
643,Jacklyn,Knowlys,jknowlyshu@toplist.cz,Female,84.16.146.81
644,Jimmy,Macellar,jmacellarhv@surveymonkey.com,Male,43.144.105.152
645,Cyrille,Adnams,cadnamshw@nih.gov,Male,20.53.60.92
646,Osbourn,Blissett,oblissetthx@theatlantic.com,Male,152.218.135.185
647,Krissy,Reymers,kreymershy@ning.com,Female,75.203.84.104
648,Chrissie,Moan,cmoanhz@foxnews.com,Male,207.98.142.53
649,Shanda,Lowry,slowryi0@skyrock.com,Female,43.7.184.177
650,Edythe,Glacken,eglackeni1@godaddy.com,Female,83.208.2.122
651,Nollie,Ollivier,nollivieri2@yahoo.com,Male,216.103.176.112
652,Marina,Hurnell,mhurnelli3@chronoengine.com,Female,83.109.147.170
653,Audry,Gillopp,agilloppi4@gizmodo.com,Female,83.27.112.145
654,Maryjo,Dunn,mdunni5@deliciousdays.com,Bigender,136.103.26.243
655,Priscella,Jewster,pjewsteri6@gmpg.org,Female,113.241.62.193
656,Allianora,Davison,adavisoni7@geocities.com,Female,208.245.6.120
657,Janot,Le Fleming,jleflemingi8@ezinearticles.com,Female,172.32.58.255
658,Teddy,Ferreli,tferrelii9@sohu.com,Male,102.117.138.187
659,Benetta,Baldam,bbaldamia@mtv.com,Female,75.151.134.253
660,Ciel,Nisen,cnisenib@shareasale.com,Female,172.208.102.68
661,Bourke,Mettrick,bmettrickic@google.de,Male,248.218.19.73
662,Woody,Moneypenny,wmoneypennyid@1und1.de,Non-binary,251.186.160.42
663,Celia,Crippes,ccrippesie@prweb.com,Female,139.14.18.168
664,Osbourne,Boutton,obouttonif@theglobeandmail.com,Male,37.142.219.255
665,Kaspar,Goghin,kgoghinig@time.com,Male,122.235.30.93
666,Randy,Buye,rbuyeih@opensource.org,Female,200.157.104.136
667,Mauricio,Holah,mholahii@epa.gov,Male,134.33.166.134
668,Othelia,Mitchely,omitchelyij@addthis.com,Female,72.212.240.213
669,Hillie,Fere,hfereik@marriott.com,Male,61.235.110.151
670,Alethea,Suatt,asuattil@last.fm,Female,5.38.207.78
671,Wells,Worsalls,wworsallsim@nifty.com,Male,34.255.151.130
672,Renae,Monks,rmonksin@bbb.org,Polygender,98.175.157.153
673,Pierson,Nardoni,pnardoniio@state.gov,Genderfluid,39.73.226.117
674,Roddie,Dowgill,rdowgillip@digg.com,Male,149.4.58.15
675,Aloysius,Waterfall,awaterfalliq@msn.com,Male,104.60.69.68
676,Carrol,Pratley,cpratleyir@ning.com,Male,17.234.206.83
677,My,Delhanty,mdelhantyis@examiner.com,Male,233.15.21.120
678,Susana,Hebbard,shebbardit@google.com.au,Female,220.10.44.205
679,Ferdinanda,Pinnick,fpinnickiu@rediff.com,Female,198.92.250.7
680,Niki,Leese,nleeseiv@wordpress.com,Male,149.74.59.11
681,Montague,Penny,mpennyiw@goo.ne.jp,Male,80.42.79.164
682,Leslie,Bruckent,lbruckentix@e-recht24.de,Male,73.7.130.159
683,Gearard,Bover,gboveriy@japanpost.jp,Male,145.17.189.97
684,Marja,Davidzon,mdavidzoniz@npr.org,Female,221.103.189.3
685,Carling,Selly,csellyj0@wiley.com,Male,60.103.129.42
686,Anna-diane,Fattorini,afattorinij1@drupal.org,Female,142.193.103.92
687,Charis,Kamienski,ckamienskij2@virginia.edu,Female,68.91.129.74
688,Maryanna,Bilt,mbiltj3@meetup.com,Bigender,38.139.229.205
689,Marilee,Braz,mbrazj4@mac.com,Female,42.49.233.120
690,Sherie,Spat,sspatj5@dot.gov,Female,182.34.181.152
691,Lorenzo,Mannering,lmanneringj6@guardian.co.uk,Male,239.73.162.109
692,Windy,Hanratty,whanrattyj7@usa.gov,Polygender,61.118.244.171
693,Blaine,Gomes,bgomesj8@google.com.au,Male,44.41.223.85
694,Hedwig,Stoeck,hstoeckj9@weibo.com,Female,53.224.246.250
695,Abie,Perago,aperagoja@digg.com,Male,200.159.231.193
696,Taber,Veart,tveartjb@ibm.com,Male,4.234.100.222
697,Alaster,Donwell,adonwelljc@technorati.com,Male,233.214.211.3
698,Fayth,Menier,fmenierjd@cbc.ca,Female,229.76.89.103
699,Isis,Pendrick,ipendrickje@plala.or.jp,Female,122.28.149.210
700,Claire,Isenor,cisenorjf@unblog.fr,Female,179.96.8.93
701,Adria,Curgenven,acurgenvenjg@reddit.com,Female,254.9.154.56
702,Cornall,Abrahmer,cabrahmerjh@shareasale.com,Male,209.246.12.218
703,Cthrine,Bartelot,cbartelotji@bravesites.com,Female,20.69.57.1
704,Brinn,McKeurton,bmckeurtonjj@ox.ac.uk,Female,159.158.32.80
705,Evita,Le Grys,elegrysjk@java.com,Female,44.27.16.50
706,Babb,Roughan,broughanjl@nps.gov,Female,247.54.51.33
707,Shannan,McKall,smckalljm@wired.com,Male,86.229.7.240
708,Brigitte,Piddletown,bpiddletownjn@yellowpages.com,Female,94.253.171.68
709,Amery,Abelson,aabelsonjo@webmd.com,Male,131.24.9.48
710,Thayne,Blackaller,tblackallerjp@mediafire.com,Male,13.50.157.168
711,Floria,Kulis,fkulisjq@canalblog.com,Female,245.12.80.199
712,Raynard,Foggarty,rfoggartyjr@freewebs.com,Male,21.102.115.115
713,Joline,Hardistry,jhardistryjs@apple.com,Female,226.1.47.143
714,Barbara,Bysouth,bbysouthjt@cdc.gov,Female,247.141.33.155
715,Margret,Dmitrienko,mdmitrienkoju@ycombinator.com,Female,83.237.202.162
716,Mitzi,Thorowgood,mthorowgoodjv@timesonline.co.uk,Female,104.45.233.43
717,Cleopatra,McKeaney,cmckeaneyjw@discuz.net,Female,55.179.184.47
718,Jeanette,Reyne,jreynejx@barnesandnoble.com,Female,71.27.239.143
719,Katinka,Nanni,knannijy@seesaa.net,Female,167.186.203.66
720,Mathe,De Lasci,mdelascijz@google.com.br,Male,207.191.5.191
721,Ginny,McComas,gmccomask0@jigsy.com,Female,2.167.139.134
722,Thornton,Clapton,tclaptonk1@shop-pro.jp,Male,107.63.212.169
723,Georgeanne,Rawnsley,grawnsleyk2@webeden.co.uk,Female,78.32.9.56
724,Devina,Bloom,dbloomk3@spotify.com,Female,152.96.82.157
725,Hermy,Bigglestone,hbigglestonek4@weebly.com,Male,210.69.231.163
726,Clemmie,Pavel,cpavelk5@delicious.com,Male,50.194.234.78
727,Fidelia,Gerlack,fgerlackk6@4shared.com,Female,26.1.109.35
728,Rudolfo,Baccas,rbaccask7@51.la,Male,252.96.244.190
729,Greggory,McIvor,gmcivork8@army.mil,Male,5.39.3.222
730,Philomena,Nethercott,pnethercottk9@marriott.com,Female,129.240.202.37
731,Raoul,Balloch,rballochka@bluehost.com,Genderqueer,118.48.170.205
732,Linet,Phillpotts,lphillpottskb@nasa.gov,Female,0.48.126.208
733,Yvonne,Itzkovwich,yitzkovwichkc@squarespace.com,Female,177.123.22.71
734,Tull,Giffon,tgiffonkd@edublogs.org,Male,8.8.26.200
735,Merry,Butcher,mbutcherke@i2i.jp,Male,184.126.188.182
736,Tate,Dudley,tdudleykf@examiner.com,Polygender,0.252.93.233
737,Millicent,Wilkin,mwilkinkg@howstuffworks.com,Female,136.221.67.159
738,Gallard,Lambal,glambalkh@wired.com,Non-binary,76.202.190.159
739,Rafaelia,Gorioli,rgorioliki@blogger.com,Female,94.48.71.226
740,Lamont,Worssam,lworssamkj@prnewswire.com,Male,138.22.180.43
741,Ase,Ramsay,aramsaykk@paypal.com,Male,204.132.101.81
742,Carmelia,Precious,cpreciouskl@printfriendly.com,Female,142.23.130.157
743,Carolina,Gamell,cgamellkm@flickr.com,Female,123.144.129.11
744,Mellisent,Martelet,mmarteletkn@hatena.ne.jp,Female,34.79.198.81
745,Sascha,Larkkem,slarkkemko@soup.io,Female,104.46.117.138
746,Phineas,Adamec,padameckp@home.pl,Male,234.233.79.10
747,Pate,Wrefford,pwreffordkq@dmoz.org,Male,133.43.98.219
748,Norman,Mays,nmayskr@buzzfeed.com,Male,240.41.194.95
749,Wallis,Blasdale,wblasdaleks@unesco.org,Female,169.228.215.131
750,Dallas,Evetts,devettskt@amazonaws.com,Male,59.224.164.24
751,Martguerita,Giuroni,mgiuroniku@archive.org,Non-binary,138.200.1.115
752,Craggie,Yerrington,cyerringtonkv@is.gd,Male,140.44.222.149
753,Aluin,Vasyunin,avasyuninkw@cornell.edu,Male,216.182.64.204
754,Baldwin,Burberry,bburberrykx@wikimedia.org,Male,220.64.128.76
755,Kendall,Selburn,kselburnky@sfgate.com,Male,231.159.137.197
756,Kelley,Wilmot,kwilmotkz@java.com,Male,16.56.50.231
757,Oralee,Cast,ocastl0@princeton.edu,Female,135.73.28.207
758,Lindy,Ivashov,livashovl1@thetimes.co.uk,Female,161.146.150.92
759,Gennifer,Rubenov,grubenovl2@moonfruit.com,Female,72.178.246.229
760,Brennan,Ayce,baycel3@sphinn.com,Male,16.146.4.166
761,Clim,Hubbis,chubbisl4@cisco.com,Male,143.79.98.49
762,Pru,Vaggs,pvaggsl5@woothemes.com,Female,93.222.202.147
763,Reagen,Gidney,rgidneyl6@mozilla.com,Male,18.103.48.128
764,Rickard,Burley,rburleyl7@jiathis.com,Genderqueer,7.63.0.162
765,Johna,Neve,jnevel8@instagram.com,Female,88.87.94.51
766,Phaidra,Burren,pburrenl9@answers.com,Female,206.15.206.81
767,Colby,Readshall,creadshallla@1688.com,Male,236.206.193.166
768,Allyn,Dresche,adreschelb@usgs.gov,Male,102.47.228.94
769,Nappy,Camplin,ncamplinlc@devhub.com,Male,222.236.35.42
770,Bren,Etienne,betienneld@comsenz.com,Male,38.69.27.45
771,Jaimie,Bartaloni,jbartalonile@sourceforge.net,Male,205.47.209.214
772,Des,Withams,dwithamslf@fema.gov,Male,120.206.63.1
773,Vi,Grint,vgrintlg@google.nl,Female,53.228.134.34
774,Salvidor,De Robertis,sderobertislh@themeforest.net,Male,119.92.216.173
775,Mamie,Stanett,mstanettli@techcrunch.com,Agender,127.242.131.221
776,Pauli,Pifford,ppiffordlj@ucoz.com,Female,184.88.24.223
777,Hildegarde,Praten,hpratenlk@amazon.com,Female,101.253.182.158
778,Basile,Kinghorn,bkinghornll@dmoz.org,Male,2.228.86.238
779,Yardley,De Castri,ydecastrilm@mlb.com,Male,110.147.33.0
780,Rey,Pottage,rpottageln@omniture.com,Male,150.14.239.246
781,Rice,Hawkey,rhawkeylo@msn.com,Male,49.106.74.25
782,Clayborne,Marjanovic,cmarjanoviclp@hubpages.com,Non-binary,14.153.169.44
783,Tami,Makin,tmakinlq@tripod.com,Female,86.169.148.29
784,Domenic,De Bruin,ddebruinlr@github.io,Male,53.141.95.70
785,Nealson,Tole,ntolels@hp.com,Male,211.147.143.69
786,Arin,Gobbett,agobbettlt@tmall.com,Male,167.163.207.212
787,Arlen,Conelly,aconellylu@admin.ch,Female,129.30.79.226
788,Stephie,Orhrt,sorhrtlv@com.com,Female,97.146.65.8
789,Filippo,Raison,fraisonlw@nydailynews.com,Male,149.153.171.16
790,Colline,Walsh,cwalshlx@yandex.ru,Female,160.173.85.72
791,Elita,Dragge,edraggely@va.gov,Female,148.8.101.137
792,Creigh,Mac Giolla Pheadair,cmacgiollapheadairlz@google.es,Male,66.213.164.1
793,Chilton,Peare,cpearem0@geocities.jp,Male,204.171.203.130
794,Luis,Benka,lbenkam1@tripadvisor.com,Male,210.197.240.17
795,Maybelle,Doree,mdoreem2@bravesites.com,Female,242.165.10.191
796,Liane,Dorwood,ldorwoodm3@cargocollective.com,Female,4.71.107.33
797,Windy,McKissack,wmckissackm4@stumbleupon.com,Non-binary,168.23.35.87
798,Renaldo,Tilte,rtiltem5@deviantart.com,Male,137.172.67.145
799,Sauncho,Hourahan,shourahanm6@4shared.com,Male,33.147.147.148
800,Anette,Posselow,aposselowm7@icio.us,Female,251.46.245.137
801,Rainer,Greim,rgreimm8@geocities.com,Male,147.200.16.148
802,Heinrik,Gini,hginim9@slashdot.org,Male,146.206.28.24
803,Henri,Ambrus,hambrusma@house.gov,Male,199.227.109.215
804,Fifi,Ertelt,ferteltmb@ca.gov,Female,177.233.164.34
805,Alexis,Beaument,abeaumentmc@washington.edu,Male,54.24.182.181
806,Aldo,Maclean,amacleanmd@jiathis.com,Male,62.242.240.5
807,Regan,Vasnev,rvasnevme@ucoz.ru,Male,155.241.26.140
808,Kelley,Pepis,kpepismf@comsenz.com,Male,13.27.161.108
809,Lainey,Patsall,lpatsallmg@salon.com,Female,12.216.228.105
810,Minnaminnie,Emptage,memptagemh@vinaora.com,Female,117.55.210.212
811,Blayne,Filippazzo,bfilippazzomi@wsj.com,Male,164.221.9.214
812,Hilliary,Creighton,hcreightonmj@arizona.edu,Female,193.165.13.30
813,Thomasina,Load,tloadmk@usda.gov,Female,24.197.13.89
814,Joella,Andres,jandresml@clickbank.net,Female,125.239.104.178
815,Beverly,Woodhouse,bwoodhousemm@devhub.com,Female,253.233.156.79
816,Halley,Pezey,hpezeymn@privacy.gov.au,Female,150.15.81.252
817,Romy,Balkwill,rbalkwillmo@usa.gov,Female,68.28.9.146
818,Scotty,Frapwell,sfrapwellmp@creativecommons.org,Male,177.95.212.33
819,Gerri,Slowley,gslowleymq@moonfruit.com,Male,31.226.75.74
820,Tobey,Mewes,tmewesmr@umich.edu,Female,70.140.138.155
821,Hodge,Headon,hheadonms@soundcloud.com,Male,186.183.198.97
822,Seamus,Alexsandrov,salexsandrovmt@bluehost.com,Male,245.187.112.134
823,Arlin,Seacroft,aseacroftmu@msu.edu,Male,54.234.63.211
824,Bren,Cleife,bcleifemv@economist.com,Female,54.190.214.129
825,Harley,Priestland,hpriestlandmw@vinaora.com,Male,88.211.105.163
826,Robinett,Fright,rfrightmx@ca.gov,Female,108.165.169.58
827,Ilsa,McClenaghan,imcclenaghanmy@smh.com.au,Female,165.47.4.125
828,Angus,Lindholm,alindholmmz@vimeo.com,Male,172.189.6.203
829,Murray,Ackenson,mackensonn0@uol.com.br,Male,188.180.17.163
830,Annecorinne,Spears,aspearsn1@blogspot.com,Female,74.180.148.186
831,Inge,Braysher,ibrayshern2@mit.edu,Female,21.35.43.4
832,Roselia,Mithun,rmithunn3@issuu.com,Female,174.25.24.166
833,Inna,Martt,imarttn4@toplist.cz,Female,159.53.0.208
834,Van,Baselio,vbaselion5@buzzfeed.com,Female,225.230.194.224
835,Renie,Ternouth,rternouthn6@bigcartel.com,Female,89.199.238.237
836,Brier,Lipscomb,blipscombn7@blogspot.com,Bigender,179.29.212.75
837,Cathe,Mallaby,cmallabyn8@webeden.co.uk,Female,236.254.78.91
838,Yvor,Emsley,yemsleyn9@pbs.org,Male,176.45.170.40
839,Brandyn,Sparham,bsparhamna@cpanel.net,Bigender,107.161.57.131
840,Cheston,Toye,ctoyenb@buzzfeed.com,Male,159.8.143.216
841,Huntley,Irlam,hirlamnc@wsj.com,Male,157.144.168.191
842,Dore,Churchouse,dchurchousend@skype.com,Female,22.161.119.95
843,Grantham,Brewerton,gbrewertonne@hc360.com,Male,145.196.248.31
844,Jermaine,Hans,jhansnf@hatena.ne.jp,Male,253.126.91.163
845,Bern,Gould,bgouldng@creativecommons.org,Male,154.106.162.221
846,Ramonda,Humm,rhummnh@cisco.com,Agender,103.9.64.113
847,Rudyard,Rittmeier,rrittmeierni@mtv.com,Male,117.4.224.42
848,Leslie,Monard,lmonardnj@tiny.cc,Male,129.172.33.164
849,Jordana,Tipperton,jtippertonnk@posterous.com,Female,122.143.249.144
850,Kellie,Burleigh,kburleighnl@blogs.com,Female,111.73.233.64
851,Kristo,Winchcombe,kwinchcombenm@multiply.com,Agender,153.218.18.148
852,Merralee,Plaister,mplaisternn@topsy.com,Female,47.207.64.159
853,Sax,Cicero,scicerono@trellian.com,Male,157.75.18.176
854,Lin,Sirl,lsirlnp@woothemes.com,Male,127.17.116.135
855,Tucky,Brunicke,tbrunickenq@telegraph.co.uk,Male,27.120.121.238
856,Hardy,Hast,hhastnr@washington.edu,Male,209.96.138.183
857,Nissy,Hort,nhortns@tripadvisor.com,Female,69.142.69.248
858,Myriam,Grundle,mgrundlent@studiopress.com,Female,80.137.104.214
859,Patrick,Jostan,pjostannu@cargocollective.com,Male,215.208.176.182
860,Alexandre,McNysche,amcnyschenv@admin.ch,Male,160.189.43.150
861,Denny,Abramsky,dabramskynw@samsung.com,Non-binary,86.104.167.50
862,Juieta,MacCart,jmaccartnx@ox.ac.uk,Female,22.137.237.2
863,Leshia,Beteriss,lbeterissny@upenn.edu,Female,123.1.19.153
864,Pyotr,Fleming,pflemingnz@bluehost.com,Male,77.138.7.99
865,Ludvig,Thewless,lthewlesso0@xinhuanet.com,Male,187.77.202.37
866,Petrina,Shackell,pshackello1@wp.com,Agender,21.12.200.37
867,Kristel,Phillott,kphillotto2@geocities.com,Female,142.93.29.232
868,Sylas,Merredy,smerredyo3@usda.gov,Bigender,169.52.188.107
869,Emmalynne,Alexsandrowicz,ealexsandrowiczo4@mapquest.com,Bigender,38.93.217.209
870,Jarrett,Tomanek,jtomaneko5@is.gd,Male,219.25.59.199
871,Morey,Mercey,mmerceyo6@ocn.ne.jp,Genderqueer,187.251.75.137
872,Fredra,Vinau,fvinauo7@ftc.gov,Female,28.197.125.136
873,Brigg,Brabbins,bbrabbinso8@infoseek.co.jp,Male,108.83.109.65
874,Rowan,Filyakov,rfilyakovo9@t-online.de,Male,49.41.231.20
875,Doug,Tufts,dtuftsoa@networksolutions.com,Polygender,212.45.13.52
876,Winonah,Cutcliffe,wcutcliffeob@hhs.gov,Female,9.67.66.82
877,Fredelia,Dysert,fdysertoc@cornell.edu,Female,194.101.204.156
878,Devi,Byrd,dbyrdod@1und1.de,Female,14.33.21.163
879,Hayyim,Ughetti,hughettioe@printfriendly.com,Male,216.143.34.87
880,Jo,Matterdace,jmatterdaceof@umich.edu,Female,217.53.31.144
881,Humfrey,Hinnerk,hhinnerkog@china.com.cn,Agender,3.40.141.111
882,Raye,Basilotta,rbasilottaoh@miitbeian.gov.cn,Female,216.162.182.12
883,Guthry,Dugdale,gdugdaleoi@nih.gov,Male,82.244.31.180
884,Avrom,Siddeley,asiddeleyoj@sogou.com,Male,20.61.238.240
885,Abbye,Yezafovich,ayezafovichok@dropbox.com,Female,85.57.57.111
886,Wyn,Drei,wdreiol@msu.edu,Male,145.164.241.89
887,Jess,Bydaway,jbydawayom@mozilla.com,Female,74.85.214.125
888,Seline,Sale,ssaleon@disqus.com,Female,192.12.80.176
889,Liv,Judson,ljudsonoo@latimes.com,Female,226.211.198.174
890,Margi,Greeson,mgreesonop@addthis.com,Bigender,216.155.122.51
891,Meryl,Portt,mporttoq@delicious.com,Male,232.133.70.253
892,Rolfe,Alger,ralgeror@usa.gov,Male,150.34.54.176
893,Allie,Hopkins,ahopkinsos@360.cn,Female,63.39.90.77
894,Erna,Minghi,eminghiot@time.com,Female,101.215.73.3
895,Patin,Semark,psemarkou@eventbrite.com,Male,145.174.40.196
896,Minetta,Notti,mnottiov@time.com,Female,173.208.206.97
897,Urbano,Edmeades,uedmeadesow@disqus.com,Male,155.11.89.221
898,Eilis,Ireland,eirelandox@marriott.com,Female,198.141.170.255
899,Andreas,Songust,asongustoy@unc.edu,Male,161.23.179.69
900,Kathlin,Simenon,ksimenonoz@techcrunch.com,Genderfluid,9.138.208.70
901,Yardley,Murrthum,ymurrthump0@tmall.com,Male,167.207.130.118
902,Carey,Sizland,csizlandp1@tripod.com,Female,146.77.35.107
903,Dilly,Flury,dfluryp2@1und1.de,Agender,136.139.102.7
904,Amelie,Melloi,amelloip3@geocities.com,Female,127.64.200.55
905,Clarke,O'Keefe,cokeefep4@example.com,Male,124.241.188.83
906,Brendis,Geertz,bgeertzp5@miibeian.gov.cn,Male,92.7.141.75
907,Christy,Pencott,cpencottp6@yelp.com,Male,228.125.125.121
908,Waiter,Renyard,wrenyardp7@wikipedia.org,Male,81.96.194.226
909,Blondelle,Pentland,bpentlandp8@yelp.com,Female,169.167.216.41
910,Rochelle,Livezey,rlivezeyp9@squarespace.com,Female,182.82.124.188
911,Jeffy,Spraberry,jspraberrypa@pinterest.com,Male,150.209.154.37
912,Merrielle,Thornber,mthornberpb@cnbc.com,Female,33.219.198.34
913,Annecorinne,Probbing,aprobbingpc@newsvine.com,Female,15.102.193.107
914,Cybill,Duncklee,cdunckleepd@fda.gov,Female,184.19.36.169
915,Bria,Mucklo,bmucklope@howstuffworks.com,Female,133.208.79.79
916,Garth,Kitcatt,gkitcattpf@symantec.com,Male,140.111.194.240
917,Baxie,Chillcot,bchillcotpg@vkontakte.ru,Male,104.249.183.45
918,Leticia,Hanwright,lhanwrightph@nps.gov,Female,118.139.154.254
919,Murdock,Chapelhow,mchapelhowpi@diigo.com,Male,209.51.16.195
920,Gilburt,Merman,gmermanpj@rediff.com,Genderfluid,36.47.78.84
921,Benetta,Watkiss,bwatkisspk@deliciousdays.com,Female,210.164.212.63
922,Caryl,O' Quirk,coquirkpl@narod.ru,Female,79.41.115.213
923,Jacquetta,Comiskey,jcomiskeypm@google.cn,Female,225.115.94.132
924,Truda,Flavelle,tflavellepn@addthis.com,Female,32.99.232.105
925,Cornall,Parish,cparishpo@thetimes.co.uk,Male,119.104.17.101
926,Ringo,Shaddock,rshaddockpp@deviantart.com,Male,227.67.34.102
927,Faber,Kacheler,fkachelerpq@yale.edu,Male,140.247.76.54
928,Yelena,Nekrews,ynekrewspr@prlog.org,Female,69.149.4.218
929,Drugi,Dulany,ddulanyps@prweb.com,Male,162.76.255.43
930,Donalt,Tottle,dtottlept@merriam-webster.com,Male,145.73.204.237
931,Anders,Ashwin,aashwinpu@mayoclinic.com,Male,202.189.32.114
932,Heywood,Eicke,heickepv@photobucket.com,Agender,179.101.51.196
933,Rafe,Fountaine,rfountainepw@chronoengine.com,Male,49.95.92.113
934,Elisabetta,Freckingham,efreckinghampx@tamu.edu,Female,23.123.181.68
935,Hall,Yepiskov,hyepiskovpy@fda.gov,Male,191.108.4.252
936,Robbyn,Emblem,remblempz@google.ru,Female,92.104.16.174
937,Tobe,Shere,tshereq0@vkontakte.ru,Male,69.31.234.7
938,Koral,Jertz,kjertzq1@msu.edu,Female,63.125.40.218
939,Caesar,Malarkey,cmalarkeyq2@diigo.com,Male,185.134.39.242
940,Eduardo,Chantrell,echantrellq3@is.gd,Male,223.162.36.51
941,Samuel,Brockest,sbrockestq4@nifty.com,Male,114.30.4.146
942,Jyoti,Eddolls,jeddollsq5@feedburner.com,Female,38.175.124.194
943,Connie,Neylan,cneylanq6@chron.com,Male,83.163.41.226
944,Clarey,Obray,cobrayq7@macromedia.com,Female,195.221.18.184
945,Trace,Slyvester,tslyvesterq8@mail.ru,Male,252.214.98.154
946,Gino,Bulluck,gbulluckq9@icio.us,Male,3.80.244.57
947,Ermentrude,Ritch,eritchqa@tmall.com,Female,201.36.202.59
948,Mil,Winwright,mwinwrightqb@last.fm,Female,171.41.23.85
949,Forrest,Growcott,fgrowcottqc@lulu.com,Male,90.3.195.0
950,Hermine,Quaintance,hquaintanceqd@tinyurl.com,Female,195.158.53.106
951,Griffy,Mulliner,gmullinerqe@chron.com,Male,84.48.87.105
952,Faunie,Jennrich,fjennrichqf@si.edu,Female,210.40.184.120
953,Alys,Spatari,aspatariqg@bloglovin.com,Female,211.1.215.68
954,Trstram,Riseam,triseamqh@upenn.edu,Male,163.49.212.94
955,Cort,Lorkings,clorkingsqi@nytimes.com,Male,83.250.208.21
956,Lesly,Kingsnode,lkingsnodeqj@economist.com,Female,241.3.1.164
957,Ardenia,Canto,acantoqk@house.gov,Female,38.228.69.148
958,Jennilee,Giacoboni,jgiacoboniql@geocities.jp,Female,21.16.237.72
959,Scott,Habble,shabbleqm@deviantart.com,Male,152.150.132.14
960,Bethena,Okroy,bokroyqn@meetup.com,Genderqueer,32.153.170.25
961,Barton,MacBarron,bmacbarronqo@github.io,Male,246.146.59.171
962,Dacey,Denziloe,ddenziloeqp@columbia.edu,Non-binary,57.145.158.248
963,Kristen,Dyte,kdyteqq@seesaa.net,Female,55.162.28.217
964,Dag,Mantz,dmantzqr@free.fr,Male,75.154.41.78
965,Guthrey,Scholl,gschollqs@icio.us,Bigender,248.16.201.204
966,Teodoor,Andretti,tandrettiqt@earthlink.net,Male,79.179.252.184
967,Addie,Guildford,aguildfordqu@photobucket.com,Male,80.96.90.206
968,Tomkin,Cuttles,tcuttlesqv@amazonaws.com,Male,124.17.166.104
969,Grete,Yeulet,gyeuletqw@feedburner.com,Female,169.27.58.179
970,Doe,Sails,dsailsqx@netvibes.com,Genderfluid,55.196.154.37
971,Mendel,Lawrinson,mlawrinsonqy@home.pl,Male,123.239.169.89
972,Georgi,Vears,gvearsqz@ask.com,Male,129.231.217.14
973,Duffy,Janusz,djanuszr0@woothemes.com,Male,94.84.238.6
974,Claribel,Stansbie,cstansbier1@sina.com.cn,Genderqueer,53.230.133.71
975,Adams,Barbosa,abarbosar2@com.com,Male,64.237.199.41
976,Tynan,Bladon,tbladonr3@weebly.com,Male,25.178.68.1
977,Tamiko,Puttan,tputtanr4@diigo.com,Female,44.3.236.121
978,Melisandra,Gration,mgrationr5@scribd.com,Agender,125.148.253.104
979,Guinna,Danielou,gdanielour6@usda.gov,Female,23.89.25.156
980,Brittney,Lafond,blafondr7@angelfire.com,Female,49.142.110.122
981,Oliver,Edgeon,oedgeonr8@wunderground.com,Male,53.45.203.191
982,Erskine,Lehrahan,elehrahanr9@apache.org,Male,63.11.157.37
983,Kippar,Coronas,kcoronasra@squarespace.com,Male,132.62.16.10
984,Vance,Arendsen,varendsenrb@whitehouse.gov,Male,71.162.43.207
985,Bar,Drover,bdroverrc@phoca.cz,Male,234.229.161.129
986,Morgana,Pont,mpontrd@163.com,Female,72.58.134.92
987,Aurelie,Kerbler,akerblerre@tripadvisor.com,Female,37.200.125.245
988,Tore,Truse,ttruserf@networksolutions.com,Male,198.177.254.164
989,Lenci,Fortune,lfortunerg@pbs.org,Male,144.139.30.148
990,Gratiana,Dufall,gdufallrh@telegraph.co.uk,Non-binary,181.63.157.52
991,Mireielle,Blasgen,mblasgenri@biblegateway.com,Bigender,155.128.254.79
992,Jethro,Borell,jborellrj@hp.com,Polygender,150.50.137.124
993,Tommie,Presley,tpresleyrk@dagondesign.com,Female,218.21.253.135
994,Collie,Kybbye,ckybbyerl@usnews.com,Female,224.132.133.134
995,Kaine,Tenwick,ktenwickrm@cnbc.com,Male,49.80.52.24
996,Beauregard,Casin,bcasinrn@baidu.com,Male,205.154.59.210
997,Ernaline,Heaven,eheavenro@cocolog-nifty.com,Agender,219.201.26.5
998,Merell,Petcher,mpetcherrp@gizmodo.com,Male,93.97.202.24
999,Merrilee,Juara,mjuararq@hp.com,Female,182.90.229.76
1000,Maurizio,Satchell,msatchellrr@usatoday.com,Male,5.160.49.231
